customer_id,customer_unique_id,customer_city,customer_state,customer_segment
C00001,U00001,Dhaka,DHA,new
C00002,U00002,Chittagong,CTG,new
C00003,U00003,Sylhet,SYL,new
C00004,U00004,Khulna,KHU,new
C00005,U00005,Rajshahi,RAJ,new
C00006,U00006,Barisal,BAR,new
C00007,U00007,Dhaka,DHA,new
C00008,U00008,Rangpur,RAN,new
C00009,U00009,Comilla,COM,new
C00010,U00010,Narayanganj,NAR,new
C00011,U00011,Chittagong,CTG,new
C00012,U00012,Gazipur,GAZ,new
C00013,U00013,Mymensingh,MYM,new
C00014,U00014,Bogura,BOG,new
C00015,U00015,Tangail,TAN,new
C00016,U00016,Cox's Bazar,COX,new
C00017,U00017,Faridpur,FAR,new
C00018,U00018,Jessore,JES,new
C00019,U00019,Pabna,PAB,new
C00020,U00020,Noakhali,NOA,new
C00021,U00021,Dhaka,DHA,new
C00022,U00022,Chandpur,CHA,new
C00023,U00023,Brahmanbaria,BRA,new
C00024,U00024,Savar,SAV,new
C00025,U00025,Munshiganj,MUN,new
C00026,U00026,Manikganj,MAN,new
C00027,U00027,Narsingdi,NAR,new
C00028,U00028,Dinajpur,DIN,new
C00029,U00029,Thakurgaon,THK,new
C00030,U00030,Dhaka,DHA,returning
C00031,U00031,Habiganj,HAB,returning
C00032,U00032,Kishoreganj,KIS,returning
C00033,U00033,Chittagong,CTG,returning
C00034,U00034,Moulvibazar,MOU,returning
C00035,U00035,Sunamganj,SUN,returning
C00036,U00036,Netrokona,NET,returning
C00037,U00037,Dhaka,DHA,returning
C00038,U00038,Sherpur,SHE,returning
C00039,U00039,Jamalpur,JAM,returning
C00040,U00040,Magura,MAG,returning
C00041,U00041,Meherpur,MEH,returning
C00042,U00042,Natore,NAT,returning
C00043,U00043,Naogaon,NAO,returning
C00044,U00044,Chittagong,CTG,returning
C00045,U00045,Chapainawabganj,CHA,returning
C00046,U00046,Joypurhat,JOY,returning
C00047,U00047,Dhaka,DHA,returning
C00048,U00048,Sylhet,SYL,returning
C00049,U00049,Khulna,KHU,returning
C00050,U00050,Rajshahi,RAJ,returning
C00051,U00051,Barisal,BAR,returning
C00052,U00052,Rangpur,RAN,returning
C00053,U00053,Comilla,COM,returning
C00054,U00054,Narayanganj,NAR,returning
C00055,U00055,Chittagong,CTG,returning
C00056,U00056,Gazipur,GAZ,returning
C00057,U00057,Mymensingh,MYM,returning
C00058,U00058,Bogura,BOG,returning
C00059,U00059,Tangail,TAN,returning
C00060,U00060,Cox's Bazar,COX,returning
C00061,U00061,Dhaka,DHA,returning
C00062,U00062,Faridpur,FAR,returning
C00063,U00063,Jessore,JES,returning
C00064,U00064,Pabna,PAB,returning
C00065,U00065,Noakhali,NOA,returning
C00066,U00066,Chandpur,CHA,returning
C00067,U00067,Brahmanbaria,BRA,returning
C00068,U00068,Savar,SAV,returning
C00069,U00069,Munshiganj,MUN,returning
C00070,U00070,Manikganj,MAN,returning
C00071,U00071,Dhaka,DHA,returning
C00072,U00072,Narsingdi,NAR,returning
C00073,U00073,Dinajpur,DIN,returning
C00074,U00074,Thakurgaon,THK,returning
C00075,U00075,Sherpur,SHE,returning
C00076,U00076,Habiganj,HAB,high_value
C00077,U00077,Kishoreganj,KIS,high_value
C00078,U00078,Chittagong,CTG,high_value
C00079,U00079,Moulvibazar,MOU,high_value
C00080,U00080,Sunamganj,SUN,high_value
C00081,U00081,Netrokona,NET,high_value
C00082,U00082,Dhaka,DHA,high_value
C00083,U00083,Sherpur,SHE,high_value
C00084,U00084,Jamalpur,JAM,high_value
C00085,U00085,Magura,MAG,high_value
C00086,U00086,Meherpur,MEH,high_value
C00087,U00087,Dhaka,DHA,high_value
C00088,U00088,Natore,NAT,high_value
C00089,U00089,Naogaon,NAO,high_value
C00090,U00090,Chittagong,CTG,inactive
C00091,U00091,Chapainawabganj,CHA,inactive
C00092,U00092,Joypurhat,JOY,inactive
C00093,U00093,Dhaka,DHA,inactive
C00094,U00094,Sylhet,SYL,inactive
C00095,U00095,Khulna,KHU,inactive
C00096,U00096,Rajshahi,RAJ,inactive
C00097,U00097,Barisal,BAR,inactive
C00098,U00098,Rangpur,RAN,inactive
C00099,U00099,Comilla,COM,inactive
C00100,U00100,Narayanganj,NAR,inactive
C00101,U00101,Dhaka,DHA,new
C00102,U00102,Chittagong,CTG,new
C00103,U00103,Gazipur,GAZ,new
C00104,U00104,Mymensingh,MYM,new
C00105,U00105,Bogura,BOG,new
C00106,U00106,Tangail,TAN,new
C00107,U00107,Dhaka,DHA,new
C00108,U00108,Cox's Bazar,COX,new
C00109,U00109,Faridpur,FAR,new
C00110,U00110,Jessore,JES,new
C00111,U00111,Chittagong,CTG,new
C00112,U00112,Pabna,PAB,new
C00113,U00113,Noakhali,NOA,new
C00114,U00114,Chandpur,CHA,new
C00115,U00115,Brahmanbaria,BRA,new
C00116,U00116,Savar,SAV,new
C00117,U00117,Munshiganj,MUN,new
C00118,U00118,Dhaka,DHA,new
C00119,U00119,Manikganj,MAN,new
C00120,U00120,Narsingdi,NAR,new
C00121,U00121,Dinajpur,DIN,new
C00122,U00122,Thakurgaon,THK,new
C00123,U00123,Habiganj,HAB,new
C00124,U00124,Kishoreganj,KIS,new
C00125,U00125,Moulvibazar,MOU,new
C00126,U00126,Dhaka,DHA,new
C00127,U00127,Sunamganj,SUN,new
C00128,U00128,Netrokona,NET,new
C00129,U00129,Sherpur,SHE,new
C00130,U00130,Jamalpur,JAM,returning
C00131,U00131,Magura,MAG,returning
C00132,U00132,Meherpur,MEH,returning
C00133,U00133,Chittagong,CTG,returning
C00134,U00134,Natore,NAT,returning
C00135,U00135,Naogaon,NAO,returning
C00136,U00136,Chapainawabganj,CHA,returning
C00137,U00137,Joypurhat,JOY,returning
C00138,U00138,Dhaka,DHA,returning
C00139,U00139,Sylhet,SYL,returning
C00140,U00140,Khulna,KHU,returning
C00141,U00141,Rajshahi,RAJ,returning
C00142,U00142,Barisal,BAR,returning
C00143,U00143,Chittagong,CTG,returning
C00144,U00144,Rangpur,RAN,returning
C00145,U00145,Comilla,COM,returning
C00146,U00146,Narayanganj,NAR,returning
C00147,U00147,Gazipur,GAZ,returning
C00148,U00148,Mymensingh,MYM,returning
C00149,U00149,Dhaka,DHA,returning
C00150,U00150,Bogura,BOG,returning
C00151,U00151,Tangail,TAN,returning
C00152,U00152,Cox's Bazar,COX,returning
C00153,U00153,Faridpur,FAR,returning
C00154,U00154,Jessore,JES,returning
C00155,U00155,Chittagong,CTG,returning
C00156,U00156,Pabna,PAB,returning
C00157,U00157,Noakhali,NOA,returning
C00158,U00158,Chandpur,CHA,returning
C00159,U00159,Brahmanbaria,BRA,returning
C00160,U00160,Savar,SAV,returning
C00161,U00161,Dhaka,DHA,returning
C00162,U00162,Munshiganj,MUN,returning
C00163,U00163,Manikganj,MAN,returning
C00164,U00164,Narsingdi,NAR,returning
C00165,U00165,Dinajpur,DIN,returning
C00166,U00166,Thakurgaon,THK,returning
C00167,U00167,Habiganj,HAB,returning
C00168,U00168,Dhaka,DHA,returning
C00169,U00169,Kishoreganj,KIS,returning
C00170,U00170,Moulvibazar,MOU,returning
C00171,U00171,Sunamganj,SUN,returning
C00172,U00172,Netrokona,NET,returning
C00173,U00173,Sherpur,SHE,returning
C00174,U00174,Chittagong,CTG,returning
C00175,U00175,Jamalpur,JAM,high_value
C00176,U00176,Magura,MAG,high_value
C00177,U00177,Meherpur,MEH,high_value
C00178,U00178,Natore,NAT,high_value
C00179,U00179,Naogaon,NAO,high_value
C00180,U00180,Chapainawabganj,CHA,high_value
C00181,U00181,Dhaka,DHA,high_value
C00182,U00182,Joypurhat,JOY,high_value
C00183,U00183,Sylhet,SYL,high_value
C00184,U00184,Khulna,KHU,high_value
C00185,U00185,Rajshahi,RAJ,high_value
C00186,U00186,Chittagong,CTG,high_value
C00187,U00187,Barisal,BAR,high_value
C00188,U00188,Rangpur,RAN,high_value
C00189,U00189,Comilla,COM,high_value
C00190,U00190,Narayanganj,NAR,inactive
C00191,U00191,Gazipur,GAZ,inactive
C00192,U00192,Mymensingh,MYM,inactive
C00193,U00193,Dhaka,DHA,inactive
C00194,U00194,Bogura,BOG,inactive
C00195,U00195,Tangail,TAN,inactive
C00196,U00196,Cox's Bazar,COX,inactive
C00197,U00197,Faridpur,FAR,inactive
C00198,U00198,Jessore,JES,inactive
C00199,U00199,Pabna,PAB,inactive
C00200,U00200,Noakhali,NOA,inactive
C00201,U00201,Dhaka,DHA,new
C00202,U00202,Chandpur,CHA,new
C00203,U00203,Brahmanbaria,BRA,new
C00204,U00204,Savar,SAV,new
C00205,U00205,Munshiganj,MUN,new
C00206,U00206,Manikganj,MAN,new
C00207,U00207,Dhaka,DHA,new
C00208,U00208,Narsingdi,NAR,new
C00209,U00209,Dinajpur,DIN,new
C00210,U00210,Thakurgaon,THK,new
C00211,U00211,Chittagong,CTG,new
C00212,U00212,Habiganj,HAB,new
C00213,U00213,Kishoreganj,KIS,new
C00214,U00214,Moulvibazar,MOU,new
C00215,U00215,Sunamganj,SUN,new
C00216,U00216,Netrokona,NET,new
C00217,U00217,Dhaka,DHA,new
C00218,U00218,Sherpur,SHE,new
C00219,U00219,Jamalpur,JAM,new
C00220,U00220,Magura,MAG,new
C00221,U00221,Meherpur,MEH,new
C00222,U00222,Natore,NAT,new
C00223,U00223,Dhaka,DHA,new
C00224,U00224,Naogaon,NAO,new
C00225,U00225,Chapainawabganj,CHA,new
C00226,U00226,Joypurhat,JOY,new
C00227,U00227,Sylhet,SYL,new
C00228,U00228,Khulna,KHU,new
C00229,U00229,Rajshahi,RAJ,new
C00230,U00230,Chittagong,CTG,returning
C00231,U00231,Barisal,BAR,returning
C00232,U00232,Rangpur,RAN,returning
C00233,U00233,Comilla,COM,returning
C00234,U00234,Narayanganj,NAR,returning
C00235,U00235,Gazipur,GAZ,returning
C00236,U00236,Mymensingh,MYM,returning
C00237,U00237,Dhaka,DHA,returning
C00238,U00238,Bogura,BOG,returning
C00239,U00239,Tangail,TAN,returning
C00240,U00240,Cox's Bazar,COX,returning
C00241,U00241,Chittagong,CTG,returning
C00242,U00242,Faridpur,FAR,returning
C00243,U00243,Jessore,JES,returning
C00244,U00244,Pabna,PAB,returning
C00245,U00245,Noakhali,NOA,returning
C00246,U00246,Chandpur,CHA,returning
C00247,U00247,Brahmanbaria,BRA,returning
C00248,U00248,Savar,SAV,returning
C00249,U00249,Dhaka,DHA,returning
C00250,U00250,Munshiganj,MUN,returning
C00251,U00251,Manikganj,MAN,returning
C00252,U00252,Narsingdi,NAR,returning
C00253,U00253,Dinajpur,DIN,returning
C00254,U00254,Thakurgaon,THK,returning
C00255,U00255,Habiganj,HAB,returning
C00256,U00256,Chittagong,CTG,returning
C00257,U00257,Kishoreganj,KIS,returning
C00258,U00258,Moulvibazar,MOU,returning
C00259,U00259,Sunamganj,SUN,returning
C00260,U00260,Netrokona,NET,returning
C00261,U00261,Dhaka,DHA,returning
C00262,U00262,Sherpur,SHE,returning
C00263,U00263,Jamalpur,JAM,returning
C00264,U00264,Magura,MAG,returning
C00265,U00265,Meherpur,MEH,returning
C00266,U00266,Natore,NAT,returning
C00267,U00267,Naogaon,NAO,returning
C00268,U00268,Dhaka,DHA,returning
C00269,U00269,Chapainawabganj,CHA,returning
C00270,U00270,Joypurhat,JOY,returning
C00271,U00271,Sylhet,SYL,returning
C00272,U00272,Khulna,KHU,returning
C00273,U00273,Rajshahi,RAJ,returning
C00274,U00274,Chittagong,CTG,returning
C00275,U00275,Barisal,BAR,high_value
C00276,U00276,Rangpur,RAN,high_value
C00277,U00277,Comilla,COM,high_value
C00278,U00278,Narayanganj,NAR,high_value
C00279,U00279,Gazipur,GAZ,high_value
C00280,U00280,Mymensingh,MYM,high_value
C00281,U00281,Dhaka,DHA,high_value
C00282,U00282,Bogura,BOG,high_value
C00283,U00283,Tangail,TAN,high_value
C00284,U00284,Cox's Bazar,COX,high_value
C00285,U00285,Chittagong,CTG,high_value
C00286,U00286,Faridpur,FAR,high_value
C00287,U00287,Jessore,JES,high_value
C00288,U00288,Pabna,PAB,high_value
C00289,U00289,Noakhali,NOA,high_value
C00290,U00290,Chandpur,CHA,inactive
C00291,U00291,Brahmanbaria,BRA,inactive
C00292,U00292,Savar,SAV,inactive
C00293,U00293,Munshiganj,MUN,inactive
C00294,U00294,Dhaka,DHA,inactive
C00295,U00295,Manikganj,MAN,inactive
C00296,U00296,Narsingdi,NAR,inactive
C00297,U00297,Dinajpur,DIN,inactive
C00298,U00298,Thakurgaon,THK,inactive
C00299,U00299,Habiganj,HAB,inactive
C00300,U00300,Chittagong,CTG,inactive
C00301,U00301,Dhaka,DHA,new
C00302,U00302,Kishoreganj,KIS,new
C00303,U00303,Moulvibazar,MOU,new
C00304,U00304,Sunamganj,SUN,new
C00305,U00305,Netrokona,NET,new
C00306,U00306,Sherpur,SHE,new
C00307,U00307,Dhaka,DHA,new
C00308,U00308,Jamalpur,JAM,new
C00309,U00309,Magura,MAG,new
C00310,U00310,Meherpur,MEH,new
C00311,U00311,Chittagong,CTG,new
C00312,U00312,Natore,NAT,new
C00313,U00313,Naogaon,NAO,new
C00314,U00314,Chapainawabganj,CHA,new
C00315,U00315,Joypurhat,JOY,new
C00316,U00316,Dhaka,DHA,new
C00317,U00317,Sylhet,SYL,new
C00318,U00318,Khulna,KHU,new
C00319,U00319,Rajshahi,RAJ,new
C00320,U00320,Barisal,BAR,new
C00321,U00321,Rangpur,RAN,new
C00322,U00322,Dhaka,DHA,new
C00323,U00323,Comilla,COM,new
C00324,U00324,Narayanganj,NAR,new
C00325,U00325,Gazipur,GAZ,new
C00326,U00326,Mymensingh,MYM,new
C00327,U00327,Bogura,BOG,new
C00328,U00328,Chittagong,CTG,new
C00329,U00329,Tangail,TAN,new
C00330,U00330,Cox's Bazar,COX,returning
C00331,U00331,Faridpur,FAR,returning
C00332,U00332,Jessore,JES,returning
C00333,U00333,Pabna,PAB,returning
C00334,U00334,Noakhali,NOA,returning
C00335,U00335,Chandpur,CHA,returning
C00336,U00336,Brahmanbaria,BRA,returning
C00337,U00337,Dhaka,DHA,returning
C00338,U00338,Savar,SAV,returning
C00339,U00339,Munshiganj,MUN,returning
C00340,U00340,Manikganj,MAN,returning
C00341,U00341,Narsingdi,NAR,returning
C00342,U00342,Dinajpur,DIN,returning
C00343,U00343,Thakurgaon,THK,returning
C00344,U00344,Chittagong,CTG,returning
C00345,U00345,Habiganj,HAB,returning
C00346,U00346,Kishoreganj,KIS,returning
C00347,U00347,Moulvibazar,MOU,returning
C00348,U00348,Sunamganj,SUN,returning
C00349,U00349,Netrokona,NET,returning
C00350,U00350,Dhaka,DHA,returning
C00351,U00351,Sherpur,SHE,returning
C00352,U00352,Jamalpur,JAM,returning
C00353,U00353,Magura,MAG,returning
C00354,U00354,Meherpur,MEH,returning
C00355,U00355,Chittagong,CTG,returning
C00356,U00356,Natore,NAT,returning
C00357,U00357,Naogaon,NAO,returning
C00358,U00358,Chapainawabganj,CHA,returning
C00359,U00359,Joypurhat,JOY,returning
C00360,U00360,Dhaka,DHA,returning
C00361,U00361,Sylhet,SYL,returning
C00362,U00362,Khulna,KHU,returning
C00363,U00363,Rajshahi,RAJ,returning
C00364,U00364,Barisal,BAR,returning
C00365,U00365,Rangpur,RAN,returning
C00366,U00366,Comilla,COM,returning
C00367,U00367,Dhaka,DHA,returning
C00368,U00368,Narayanganj,NAR,returning
C00369,U00369,Gazipur,GAZ,returning
C00370,U00370,Mymensingh,MYM,returning
C00371,U00371,Bogura,BOG,returning
C00372,U00372,Tangail,TAN,returning
C00373,U00373,Cox's Bazar,COX,returning
C00374,U00374,Chittagong,CTG,returning
C00375,U00375,Faridpur,FAR,high_value
C00376,U00376,Jessore,JES,high_value
C00377,U00377,Pabna,PAB,high_value
C00378,U00378,Noakhali,NOA,high_value
C00379,U00379,Chandpur,CHA,high_value
C00380,U00380,Brahmanbaria,BRA,high_value
C00381,U00381,Dhaka,DHA,high_value
C00382,U00382,Savar,SAV,high_value
C00383,U00383,Munshiganj,MUN,high_value
C00384,U00384,Manikganj,MAN,high_value
C00385,U00385,Narsingdi,NAR,high_value
C00386,U00386,Chittagong,CTG,high_value
C00387,U00387,Dinajpur,DIN,high_value
C00388,U00388,Thakurgaon,THK,high_value
C00389,U00389,Habiganj,HAB,high_value
C00390,U00390,Kishoreganj,KIS,inactive
C00391,U00391,Moulvibazar,MOU,inactive
C00392,U00392,Sunamganj,SUN,inactive
C00393,U00393,Netrokona,NET,inactive
C00394,U00394,Dhaka,DHA,inactive
C00395,U00395,Sherpur,SHE,inactive
C00396,U00396,Jamalpur,JAM,inactive
C00397,U00397,Magura,MAG,inactive
C00398,U00398,Meherpur,MEH,inactive
C00399,U00399,Chittagong,CTG,inactive
C00400,U00400,Natore,NAT,inactive
C00401,U00401,Dhaka,DHA,new
C00402,U00402,Naogaon,NAO,new
C00403,U00403,Chapainawabganj,CHA,new
C00404,U00404,Joypurhat,JOY,new
C00405,U00405,Sylhet,SYL,new
C00406,U00406,Khulna,KHU,new
C00407,U00407,Dhaka,DHA,new
C00408,U00408,Rajshahi,RAJ,new
C00409,U00409,Barisal,BAR,new
C00410,U00410,Rangpur,RAN,new
C00411,U00411,Chittagong,CTG,new
C00412,U00412,Comilla,COM,new
C00413,U00413,Narayanganj,NAR,new
C00414,U00414,Gazipur,GAZ,new
C00415,U00415,Mymensingh,MYM,new
C00416,U00416,Bogura,BOG,new
C00417,U00417,Dhaka,DHA,new
C00418,U00418,Tangail,TAN,new
C00419,U00419,Cox's Bazar,COX,new
C00420,U00420,Faridpur,FAR,new
C00421,U00421,Jessore,JES,new
C00422,U00422,Pabna,PAB,new
C00423,U00423,Chittagong,CTG,new
C00424,U00424,Noakhali,NOA,new
C00425,U00425,Chandpur,CHA,new
C00426,U00426,Brahmanbaria,BRA,new
C00427,U00427,Savar,SAV,new
C00428,U00428,Munshiganj,MUN,new
C00429,U00429,Dhaka,DHA,new
C00430,U00430,Manikganj,MAN,returning
C00431,U00431,Narsingdi,NAR,returning
C00432,U00432,Dinajpur,DIN,returning
C00433,U00433,Thakurgaon,THK,returning
C00434,U00434,Habiganj,HAB,returning
C00435,U00435,Kishoreganj,KIS,returning
C00436,U00436,Chittagong,CTG,returning
C00437,U00437,Moulvibazar,MOU,returning
C00438,U00438,Sunamganj,SUN,returning
C00439,U00439,Netrokona,NET,returning
C00440,U00440,Dhaka,DHA,returning
C00441,U00441,Sherpur,SHE,returning
C00442,U00442,Jamalpur,JAM,returning
C00443,U00443,Magura,MAG,returning
C00444,U00444,Meherpur,MEH,returning
C00445,U00445,Natore,NAT,returning
C00446,U00446,Chittagong,CTG,returning
C00447,U00447,Naogaon,NAO,returning
C00448,U00448,Chapainawabganj,CHA,returning
C00449,U00449,Joypurhat,JOY,returning
C00450,U00450,Dhaka,DHA,returning
C00451,U00451,Sylhet,SYL,returning
C00452,U00452,Khulna,KHU,returning
C00453,U00453,Rajshahi,RAJ,returning
C00454,U00454,Barisal,BAR,returning
C00455,U00455,Rangpur,RAN,returning
C00456,U00456,Comilla,COM,returning
C00457,U00457,Dhaka,DHA,returning
C00458,U00458,Narayanganj,NAR,returning
C00459,U00459,Gazipur,GAZ,returning
C00460,U00460,Mymensingh,MYM,returning
C00461,U00461,Bogura,BOG,returning
C00462,U00462,Tangail,TAN,returning
C00463,U00463,Chittagong,CTG,returning
C00464,U00464,Cox's Bazar,COX,returning
C00465,U00465,Faridpur,FAR,returning
C00466,U00466,Jessore,JES,returning
C00467,U00467,Pabna,PAB,returning
C00468,U00468,Noakhali,NOA,returning
C00469,U00469,Dhaka,DHA,returning
C00470,U00470,Chandpur,CHA,returning
C00471,U00471,Brahmanbaria,BRA,returning
C00472,U00472,Savar,SAV,returning
C00473,U00473,Munshiganj,MUN,returning
C00474,U00474,Manikganj,MAN,returning
C00475,U00475,Narsingdi,NAR,high_value
C00476,U00476,Dinajpur,DIN,high_value
C00477,U00477,Thakurgaon,THK,high_value
C00478,U00478,Habiganj,HAB,high_value
C00479,U00479,Chittagong,CTG,high_value
C00480,U00480,Kishoreganj,KIS,high_value
C00481,U00481,Moulvibazar,MOU,high_value
C00482,U00482,Sunamganj,SUN,high_value
C00483,U00483,Netrokona,NET,high_value
C00484,U00484,Dhaka,DHA,high_value
C00485,U00485,Sherpur,SHE,high_value
C00486,U00486,Jamalpur,JAM,high_value
C00487,U00487,Magura,MAG,high_value
C00488,U00488,Meherpur,MEH,high_value
C00489,U00489,Chittagong,CTG,high_value
C00490,U00490,Natore,NAT,inactive
C00491,U00491,Naogaon,NAO,inactive
C00492,U00492,Chapainawabganj,CHA,inactive
C00493,U00493,Joypurhat,JOY,inactive
C00494,U00494,Dhaka,DHA,inactive
C00495,U00495,Sylhet,SYL,inactive
C00496,U00496,Khulna,KHU,inactive
C00497,U00497,Rajshahi,RAJ,inactive
C00498,U00498,Barisal,BAR,inactive
C00499,U00499,Rangpur,RAN,inactive
C00500,U00500,Comilla,COM,inactive
C00501,U00501,Dhaka,DHA,new
C00502,U00502,Narayanganj,NAR,new
C00503,U00503,Gazipur,GAZ,new
C00504,U00504,Mymensingh,MYM,new
C00505,U00505,Bogura,BOG,new
C00506,U00506,Tangail,TAN,new
C00507,U00507,Dhaka,DHA,new
C00508,U00508,Cox's Bazar,COX,new
C00509,U00509,Faridpur,FAR,new
C00510,U00510,Jessore,JES,new
C00511,U00511,Chittagong,CTG,new
C00512,U00512,Pabna,PAB,new
C00513,U00513,Noakhali,NOA,new
C00514,U00514,Chandpur,CHA,new
C00515,U00515,Brahmanbaria,BRA,new
C00516,U00516,Savar,SAV,new
C00517,U00517,Dhaka,DHA,new
C00518,U00518,Munshiganj,MUN,new
C00519,U00519,Manikganj,MAN,new
C00520,U00520,Narsingdi,NAR,new
C00521,U00521,Dinajpur,DIN,new
C00522,U00522,Thakurgaon,THK,new
C00523,U00523,Habiganj,HAB,new
C00524,U00524,Kishoreganj,KIS,new
C00525,U00525,Chittagong,CTG,new
C00526,U00526,Moulvibazar,MOU,new
C00527,U00527,Sunamganj,SUN,new
C00528,U00528,Netrokona,NET,new
C00529,U00529,Dhaka,DHA,new
C00530,U00530,Sherpur,SHE,returning
C00531,U00531,Jamalpur,JAM,returning
C00532,U00532,Magura,MAG,returning
C00533,U00533,Meherpur,MEH,returning
C00534,U00534,Natore,NAT,returning
C00535,U00535,Chittagong,CTG,returning
C00536,U00536,Naogaon,NAO,returning
C00537,U00537,Chapainawabganj,CHA,returning
C00538,U00538,Joypurhat,JOY,returning
C00539,U00539,Dhaka,DHA,returning
C00540,U00540,Sylhet,SYL,returning
C00541,U00541,Khulna,KHU,returning
C00542,U00542,Rajshahi,RAJ,returning
C00543,U00543,Barisal,BAR,returning
C00544,U00544,Rangpur,RAN,returning
C00545,U00545,Comilla,COM,returning
C00546,U00546,Chittagong,CTG,returning
C00547,U00547,Narayanganj,NAR,returning
C00548,U00548,Gazipur,GAZ,returning
C00549,U00549,Mymensingh,MYM,returning
C00550,U00550,Dhaka,DHA,returning
C00551,U00551,Bogura,BOG,returning
C00552,U00552,Tangail,TAN,returning
C00553,U00553,Cox's Bazar,COX,returning
C00554,U00554,Faridpur,FAR,returning
C00555,U00555,Chittagong,CTG,returning
C00556,U00556,Jessore,JES,returning
C00557,U00557,Pabna,PAB,returning
C00558,U00558,Noakhali,NOA,returning
C00559,U00559,Chandpur,CHA,returning
C00560,U00560,Brahmanbaria,BRA,returning
C00561,U00561,Dhaka,DHA,returning
C00562,U00562,Savar,SAV,returning
C00563,U00563,Munshiganj,MUN,returning
C00564,U00564,Manikganj,MAN,returning
C00565,U00565,Narsingdi,NAR,returning
C00566,U00566,Dinajpur,DIN,returning
C00567,U00567,Thakurgaon,THK,returning
C00568,U00568,Chittagong,CTG,returning
C00569,U00569,Habiganj,HAB,returning
C00570,U00570,Kishoreganj,KIS,returning
C00571,U00571,Moulvibazar,MOU,returning
C00572,U00572,Sunamganj,SUN,returning
C00573,U00573,Dhaka,DHA,returning
C00574,U00574,Netrokona,NET,returning
C00575,U00575,Sherpur,SHE,high_value
C00576,U00576,Jamalpur,JAM,high_value
C00577,U00577,Magura,MAG,high_value
C00578,U00578,Meherpur,MEH,high_value
C00579,U00579,Chittagong,CTG,high_value
C00580,U00580,Natore,NAT,high_value
C00581,U00581,Naogaon,NAO,high_value
C00582,U00582,Chapainawabganj,CHA,high_value
C00583,U00583,Joypurhat,JOY,high_value
C00584,U00584,Dhaka,DHA,high_value
C00585,U00585,Sylhet,SYL,high_value
C00586,U00586,Khulna,KHU,high_value
C00587,U00587,Rajshahi,RAJ,high_value
C00588,U00588,Chittagong,CTG,high_value
C00589,U00589,Barisal,BAR,high_value
C00590,U00590,Rangpur,RAN,inactive
C00591,U00591,Comilla,COM,inactive
C00592,U00592,Narayanganj,NAR,inactive
C00593,U00593,Gazipur,GAZ,inactive
C00594,U00594,Dhaka,DHA,inactive
C00595,U00595,Mymensingh,MYM,inactive
C00596,U00596,Bogura,BOG,inactive
C00597,U00597,Tangail,TAN,inactive
C00598,U00598,Cox's Bazar,COX,inactive
C00599,U00599,Chittagong,CTG,inactive
C00600,U00600,Faridpur,FAR,inactive
C00601,U00601,Dhaka,DHA,new
C00602,U00602,Jessore,JES,new
C00603,U00603,Pabna,PAB,new
C00604,U00604,Noakhali,NOA,new
C00605,U00605,Chandpur,CHA,new
C00606,U00606,Brahmanbaria,BRA,new
C00607,U00607,Dhaka,DHA,new
C00608,U00608,Savar,SAV,new
C00609,U00609,Munshiganj,MUN,new
C00610,U00610,Manikganj,MAN,new
C00611,U00611,Chittagong,CTG,new
C00612,U00612,Narsingdi,NAR,new
C00613,U00613,Dinajpur,DIN,new
C00614,U00614,Thakurgaon,THK,new
C00615,U00615,Habiganj,HAB,new
C00616,U00616,Kishoreganj,KIS,new
C00617,U00617,Moulvibazar,MOU,new
C00618,U00618,Sunamganj,SUN,new
C00619,U00619,Dhaka,DHA,new
C00620,U00620,Netrokona,NET,new
C00621,U00621,Sherpur,SHE,new
C00622,U00622,Jamalpur,JAM,new
C00623,U00623,Magura,MAG,new
C00624,U00624,Meherpur,MEH,new
C00625,U00625,Chittagong,CTG,new
C00626,U00626,Natore,NAT,new
C00627,U00627,Naogaon,NAO,new
C00628,U00628,Chapainawabganj,CHA,new
C00629,U00629,Joypurhat,JOY,new
C00630,U00630,Dhaka,DHA,returning
C00631,U00631,Sylhet,SYL,returning
C00632,U00632,Khulna,KHU,returning
C00633,U00633,Rajshahi,RAJ,returning
C00634,U00634,Barisal,BAR,returning
C00635,U00635,Rangpur,RAN,returning
C00636,U00636,Chittagong,CTG,returning
C00637,U00637,Comilla,COM,returning
C00638,U00638,Narayanganj,NAR,returning
C00639,U00639,Gazipur,GAZ,returning
C00640,U00640,Mymensingh,MYM,returning
C00641,U00641,Dhaka,DHA,returning
C00642,U00642,Bogura,BOG,returning
C00643,U00643,Tangail,TAN,returning
C00644,U00644,Cox's Bazar,COX,returning
C00645,U00645,Faridpur,FAR,returning
C00646,U00646,Jessore,JES,returning
C00647,U00647,Chittagong,CTG,returning
C00648,U00648,Pabna,PAB,returning
C00649,U00649,Noakhali,NOA,returning
C00650,U00650,Chandpur,CHA,returning
C00651,U00651,Brahmanbaria,BRA,returning
C00652,U00652,Savar,SAV,returning
C00653,U00653,Dhaka,DHA,returning
C00654,U00654,Munshiganj,MUN,returning
C00655,U00655,Manikganj,MAN,returning
C00656,U00656,Narsingdi,NAR,returning
C00657,U00657,Dinajpur,DIN,returning
C00658,U00658,Thakurgaon,THK,returning
C00659,U00659,Habiganj,HAB,returning
C00660,U00660,Chittagong,CTG,returning
C00661,U00661,Kishoreganj,KIS,returning
C00662,U00662,Moulvibazar,MOU,returning
C00663,U00663,Sunamganj,SUN,returning
C00664,U00664,Netrokona,NET,returning
C00665,U00665,Dhaka,DHA,returning
C00666,U00666,Sherpur,SHE,returning
C00667,U00667,Jamalpur,JAM,returning
C00668,U00668,Magura,MAG,returning
C00669,U00669,Meherpur,MEH,returning
C00670,U00670,Natore,NAT,returning
C00671,U00671,Chittagong,CTG,returning
C00672,U00672,Naogaon,NAO,returning
C00673,U00673,Chapainawabganj,CHA,returning
C00674,U00674,Joypurhat,JOY,returning
C00675,U00675,Dhaka,DHA,high_value
C00676,U00676,Sylhet,SYL,high_value
C00677,U00677,Khulna,KHU,high_value
C00678,U00678,Rajshahi,RAJ,high_value
C00679,U00679,Chittagong,CTG,high_value
C00680,U00680,Barisal,BAR,high_value
C00681,U00681,Rangpur,RAN,high_value
C00682,U00682,Comilla,COM,high_value
C00683,U00683,Narayanganj,NAR,high_value
C00684,U00684,Gazipur,GAZ,high_value
C00685,U00685,Dhaka,DHA,high_value
C00686,U00686,Mymensingh,MYM,high_value
C00687,U00687,Bogura,BOG,high_value
C00688,U00688,Tangail,TAN,high_value
C00689,U00689,Cox's Bazar,COX,high_value
C00690,U00690,Chittagong,CTG,inactive
C00691,U00691,Faridpur,FAR,inactive
C00692,U00692,Jessore,JES,inactive
C00693,U00693,Pabna,PAB,inactive
C00694,U00694,Noakhali,NOA,inactive
C00695,U00695,Dhaka,DHA,inactive
C00696,U00696,Chandpur,CHA,inactive
C00697,U00697,Brahmanbaria,BRA,inactive
C00698,U00698,Savar,SAV,inactive
C00699,U00699,Munshiganj,MUN,inactive
C00700,U00700,Manikganj,MAN,inactive
C00701,U00701,Dhaka,DHA,new
C00702,U00702,Narsingdi,NAR,new
C00703,U00703,Dinajpur,DIN,new
C00704,U00704,Thakurgaon,THK,new
C00705,U00705,Chittagong,CTG,new
C00706,U00706,Habiganj,HAB,new
C00707,U00707,Kishoreganj,KIS,new
C00708,U00708,Moulvibazar,MOU,new
C00709,U00709,Sunamganj,SUN,new
C00710,U00710,Dhaka,DHA,new
C00711,U00711,Netrokona,NET,new
C00712,U00712,Sherpur,SHE,new
C00713,U00713,Jamalpur,JAM,new
C00714,U00714,Magura,MAG,new
C00715,U00715,Meherpur,MEH,new
C00716,U00716,Natore,NAT,new
C00717,U00717,Chittagong,CTG,new
C00718,U00718,Naogaon,NAO,new
C00719,U00719,Chapainawabganj,CHA,new
C00720,U00720,Dhaka,DHA,new
C00721,U00721,Joypurhat,JOY,new
C00722,U00722,Sylhet,SYL,new
C00723,U00723,Khulna,KHU,new
C00724,U00724,Rajshahi,RAJ,new
C00725,U00725,Barisal,BAR,new
C00726,U00726,Rangpur,RAN,new
C00727,U00727,Dhaka,DHA,new
C00728,U00728,Comilla,COM,new
C00729,U00729,Narayanganj,NAR,new
C00730,U00730,Gazipur,GAZ,returning
C00731,U00731,Mymensingh,MYM,returning
C00732,U00732,Bogura,BOG,returning
C00733,U00733,Tangail,TAN,returning
C00734,U00734,Chittagong,CTG,returning
C00735,U00735,Cox's Bazar,COX,returning
C00736,U00736,Faridpur,FAR,returning
C00737,U00737,Jessore,JES,returning
C00738,U00738,Pabna,PAB,returning
C00739,U00739,Noakhali,NOA,returning
C00740,U00740,Dhaka,DHA,returning
C00741,U00741,Chandpur,CHA,returning
C00742,U00742,Brahmanbaria,BRA,returning
C00743,U00743,Savar,SAV,returning
C00744,U00744,Munshiganj,MUN,returning
C00745,U00745,Manikganj,MAN,returning
C00746,U00746,Narsingdi,NAR,returning
C00747,U00747,Dhaka,DHA,returning
C00748,U00748,Dinajpur,DIN,returning
C00749,U00749,Thakurgaon,THK,returning
C00750,U00750,Habiganj,HAB,returning
C00751,U00751,Kishoreganj,KIS,returning
C00752,U00752,Chittagong,CTG,returning
C00753,U00753,Moulvibazar,MOU,returning
C00754,U00754,Sunamganj,SUN,returning
C00755,U00755,Netrokona,NET,returning
C00756,U00756,Dhaka,DHA,returning
C00757,U00757,Sherpur,SHE,returning
C00758,U00758,Jamalpur,JAM,returning
C00759,U00759,Magura,MAG,returning
C00760,U00760,Meherpur,MEH,returning
C00761,U00761,Natore,NAT,returning
C00762,U00762,Chittagong,CTG,returning
C00763,U00763,Naogaon,NAO,returning
C00764,U00764,Chapainawabganj,CHA,returning
C00765,U00765,Joypurhat,JOY,returning
C00766,U00766,Dhaka,DHA,returning
C00767,U00767,Sylhet,SYL,returning
C00768,U00768,Khulna,KHU,returning
C00769,U00769,Rajshahi,RAJ,returning
C00770,U00770,Barisal,BAR,returning
C00771,U00771,Chittagong,CTG,returning
C00772,U00772,Rangpur,RAN,returning
C00773,U00773,Comilla,COM,returning
C00774,U00774,Narayanganj,NAR,returning
C00775,U00775,Dhaka,DHA,high_value
C00776,U00776,Gazipur,GAZ,high_value
C00777,U00777,Mymensingh,MYM,high_value
C00778,U00778,Bogura,BOG,high_value
C00779,U00779,Tangail,TAN,high_value
C00780,U00780,Cox's Bazar,COX,high_value
C00781,U00781,Chittagong,CTG,high_value
C00782,U00782,Faridpur,FAR,high_value
C00783,U00783,Jessore,JES,high_value
C00784,U00784,Pabna,PAB,high_value
C00785,U00785,Noakhali,NOA,high_value
C00786,U00786,Chandpur,CHA,high_value
C00787,U00787,Dhaka,DHA,high_value
C00788,U00788,Brahmanbaria,BRA,high_value
C00789,U00789,Savar,SAV,high_value
C00790,U00790,Munshiganj,MUN,inactive
C00791,U00791,Manikganj,MAN,inactive
C00792,U00792,Narsingdi,NAR,inactive
C00793,U00793,Dinajpur,DIN,inactive
C00794,U00794,Dhaka,DHA,inactive
C00795,U00795,Thakurgaon,THK,inactive
C00796,U00796,Habiganj,HAB,inactive
C00797,U00797,Kishoreganj,KIS,inactive
C00798,U00798,Moulvibazar,MOU,inactive
C00799,U00799,Chittagong,CTG,inactive
C00800,U00800,Sunamganj,SUN,inactive
C00801,U00801,Dhaka,DHA,new
C00802,U00802,Netrokona,NET,new
C00803,U00803,Sherpur,SHE,new
C00804,U00804,Jamalpur,JAM,new
C00805,U00805,Magura,MAG,new
C00806,U00806,Meherpur,MEH,new
C00807,U00807,Chittagong,CTG,new
C00808,U00808,Natore,NAT,new
C00809,U00809,Naogaon,NAO,new
C00810,U00810,Chapainawabganj,CHA,new
C00811,U00811,Joypurhat,JOY,new
C00812,U00812,Dhaka,DHA,new
C00813,U00813,Sylhet,SYL,new
C00814,U00814,Khulna,KHU,new
C00815,U00815,Rajshahi,RAJ,new
C00816,U00816,Barisal,BAR,new
C00817,U00817,Rangpur,RAN,new
C00818,U00818,Comilla,COM,new
C00819,U00819,Dhaka,DHA,new
C00820,U00820,Narayanganj,NAR,new
C00821,U00821,Gazipur,GAZ,new
C00822,U00822,Mymensingh,MYM,new
C00823,U00823,Bogura,BOG,new
C00824,U00824,Tangail,TAN,new
C00825,U00825,Chittagong,CTG,new
C00826,U00826,Cox's Bazar,COX,new
C00827,U00827,Faridpur,FAR,new
C00828,U00828,Jessore,JES,new
C00829,U00829,Pabna,PAB,new
C00830,U00830,Dhaka,DHA,returning
C00831,U00831,Noakhali,NOA,returning
C00832,U00832,Chandpur,CHA,returning
C00833,U00833,Brahmanbaria,BRA,returning
C00834,U00834,Savar,SAV,returning
C00835,U00835,Munshiganj,MUN,returning
C00836,U00836,Dhaka,DHA,returning
C00837,U00837,Manikganj,MAN,returning
C00838,U00838,Narsingdi,NAR,returning
C00839,U00839,Dinajpur,DIN,returning
C00840,U00840,Thakurgaon,THK,returning
C00841,U00841,Habiganj,HAB,returning
C00842,U00842,Chittagong,CTG,returning
C00843,U00843,Kishoreganj,KIS,returning
C00844,U00844,Moulvibazar,MOU,returning
C00845,U00845,Sunamganj,SUN,returning
C00846,U00846,Netrokona,NET,returning
C00847,U00847,Dhaka,DHA,returning
C00848,U00848,Sherpur,SHE,returning
C00849,U00849,Jamalpur,JAM,returning
C00850,U00850,Magura,MAG,returning
C00851,U00851,Meherpur,MEH,returning
C00852,U00852,Natore,NAT,returning
C00853,U00853,Chittagong,CTG,returning
C00854,U00854,Naogaon,NAO,returning
C00855,U00855,Chapainawabganj,CHA,returning
C00856,U00856,Joypurhat,JOY,returning
C00857,U00857,Dhaka,DHA,returning
C00858,U00858,Sylhet,SYL,returning
C00859,U00859,Khulna,KHU,returning
C00860,U00860,Rajshahi,RAJ,returning
C00861,U00861,Barisal,BAR,returning
C00862,U00862,Chittagong,CTG,returning
C00863,U00863,Rangpur,RAN,returning
C00864,U00864,Comilla,COM,returning
C00865,U00865,Narayanganj,NAR,returning
C00866,U00866,Gazipur,GAZ,returning
C00867,U00867,Dhaka,DHA,returning
C00868,U00868,Mymensingh,MYM,returning
C00869,U00869,Bogura,BOG,returning
C00870,U00870,Tangail,TAN,returning
C00871,U00871,Cox's Bazar,COX,returning
C00872,U00872,Chittagong,CTG,returning
C00873,U00873,Faridpur,FAR,returning
C00874,U00874,Jessore,JES,returning
C00875,U00875,Pabna,PAB,high_value
C00876,U00876,Noakhali,NOA,high_value
C00877,U00877,Chandpur,CHA,high_value
C00878,U00878,Brahmanbaria,BRA,high_value
C00879,U00879,Dhaka,DHA,high_value
C00880,U00880,Savar,SAV,high_value
C00881,U00881,Munshiganj,MUN,high_value
C00882,U00882,Manikganj,MAN,high_value
C00883,U00883,Narsingdi,NAR,high_value
C00884,U00884,Dinajpur,DIN,high_value
C00885,U00885,Thakurgaon,THK,high_value
C00886,U00886,Chittagong,CTG,high_value
C00887,U00887,Habiganj,HAB,high_value
C00888,U00888,Kishoreganj,KIS,high_value
C00889,U00889,Moulvibazar,MOU,high_value
C00890,U00890,Sunamganj,SUN,inactive
C00891,U00891,Netrokona,NET,inactive
C00892,U00892,Dhaka,DHA,inactive
C00893,U00893,Sherpur,SHE,inactive
C00894,U00894,Jamalpur,JAM,inactive
C00895,U00895,Magura,MAG,inactive
C00896,U00896,Meherpur,MEH,inactive
C00897,U00897,Natore,NAT,inactive
C00898,U00898,Chittagong,CTG,inactive
C00899,U00899,Naogaon,NAO,inactive
C00900,U00900,Chapainawabganj,CHA,inactive
C00901,U00901,Dhaka,DHA,new
C00902,U00902,Joypurhat,JOY,new
C00903,U00903,Sylhet,SYL,new
C00904,U00904,Khulna,KHU,new
C00905,U00905,Chittagong,CTG,new
C00906,U00906,Rajshahi,RAJ,new
C00907,U00907,Barisal,BAR,new
C00908,U00908,Rangpur,RAN,new
C00909,U00909,Comilla,COM,new
C00910,U00910,Dhaka,DHA,new
C00911,U00911,Narayanganj,NAR,new
C00912,U00912,Gazipur,GAZ,new
C00913,U00913,Mymensingh,MYM,new
C00914,U00914,Bogura,BOG,new
C00915,U00915,Tangail,TAN,new
C00916,U00916,Cox's Bazar,COX,new
C00917,U00917,Chittagong,CTG,new
C00918,U00918,Faridpur,FAR,new
C00919,U00919,Jessore,JES,new
C00920,U00920,Pabna,PAB,new
C00921,U00921,Noakhali,NOA,new
C00922,U00922,Dhaka,DHA,new
C00923,U00923,Chandpur,CHA,new
C00924,U00924,Brahmanbaria,BRA,new
C00925,U00925,Savar,SAV,new
C00926,U00926,Munshiganj,MUN,new
C00927,U00927,Manikganj,MAN,new
C00928,U00928,Narsingdi,NAR,new
C00929,U00929,Dhaka,DHA,new
C00930,U00930,Dinajpur,DIN,returning
C00931,U00931,Thakurgaon,THK,returning
C00932,U00932,Habiganj,HAB,returning
C00933,U00933,Kishoreganj,KIS,returning
C00934,U00934,Chittagong,CTG,returning
C00935,U00935,Moulvibazar,MOU,returning
C00936,U00936,Sunamganj,SUN,returning
C00937,U00937,Netrokona,NET,returning
C00938,U00938,Dhaka,DHA,returning
C00939,U00939,Sherpur,SHE,returning
C00940,U00940,Jamalpur,JAM,returning
C00941,U00941,Magura,MAG,returning
C00942,U00942,Meherpur,MEH,returning
C00943,U00943,Natore,NAT,returning
C00944,U00944,Chittagong,CTG,returning
C00945,U00945,Naogaon,NAO,returning
C00946,U00946,Chapainawabganj,CHA,returning
C00947,U00947,Joypurhat,JOY,returning
C00948,U00948,Dhaka,DHA,returning
C00949,U00949,Sylhet,SYL,returning
C00950,U00950,Khulna,KHU,returning
C00951,U00951,Rajshahi,RAJ,returning
C00952,U00952,Barisal,BAR,returning
C00953,U00953,Chittagong,CTG,returning
C00954,U00954,Rangpur,RAN,returning
C00955,U00955,Comilla,COM,returning
C00956,U00956,Narayanganj,NAR,returning
C00957,U00957,Gazipur,GAZ,returning
C00958,U00958,Dhaka,DHA,returning
C00959,U00959,Mymensingh,MYM,returning
C00960,U00960,Bogura,BOG,returning
C00961,U00961,Tangail,TAN,returning
C00962,U00962,Cox's Bazar,COX,returning
C00963,U00963,Chittagong,CTG,returning
C00964,U00964,Faridpur,FAR,returning
C00965,U00965,Jessore,JES,returning
C00966,U00966,Pabna,PAB,returning
C00967,U00967,Noakhali,NOA,returning
C00968,U00968,Dhaka,DHA,returning
C00969,U00969,Chandpur,CHA,returning
C00970,U00970,Brahmanbaria,BRA,returning
C00971,U00971,Savar,SAV,returning
C00972,U00972,Munshiganj,MUN,returning
C00973,U00973,Dhaka,DHA,returning
C00974,U00974,Manikganj,MAN,returning
C00975,U00975,Narsingdi,NAR,high_value
C00976,U00976,Dinajpur,DIN,high_value
C00977,U00977,Thakurgaon,THK,high_value
C00978,U00978,Habiganj,HAB,high_value
C00979,U00979,Chittagong,CTG,high_value
C00980,U00980,Kishoreganj,KIS,high_value
C00981,U00981,Moulvibazar,MOU,high_value
C00982,U00982,Sunamganj,SUN,high_value
C00983,U00983,Netrokona,NET,high_value
C00984,U00984,Dhaka,DHA,high_value
C00985,U00985,Sherpur,SHE,high_value
C00986,U00986,Jamalpur,JAM,high_value
C00987,U00987,Magura,MAG,high_value
C00988,U00988,Meherpur,MEH,high_value
C00989,U00989,Chittagong,CTG,high_value
C00990,U00990,Natore,NAT,inactive
C00991,U00991,Naogaon,NAO,inactive
C00992,U00992,Chapainawabganj,CHA,inactive
C00993,U00993,Joypurhat,JOY,inactive
C00994,U00994,Dhaka,DHA,inactive
C00995,U00995,Sylhet,SYL,inactive
C00996,U00996,Khulna,KHU,inactive
C00997,U00997,Rajshahi,RAJ,inactive
C00998,U00998,Barisal,BAR,inactive
C00999,U00999,Rangpur,RAN,inactive
C01000,U01000,Comilla,COM,inactive
